Name,"Quarter, Year",Phase,Description,Applied Project Abstracts,Applied Submissions,Awarded Submissions,% Awarded,Total Awarded (USD),Total Paid (USD),Total Paid (XLM),Average Awarded in USD,Voters Number,Round URL,Submissions,Project (from Submissions),Type,Submission Open Date,Submission Close Date,Initial Review Open Date,Initial Review Close Date,Award Submission Open Date,Award Submission Close Date,Panel Review Open Date,Panel Review Close Date,Community Vote Open Date,Community Vote Close Date,Notification and Award Distribution Open Date,Notification and Award Distribution Close Date,Cohort Open Date,Cohort Close Date,Project Pitches,Image,SCF Version,Round Recap,Year
SCF #48,Q4 '26,Not Started,,0,0,0,,$0.00,$0.00,0,,,https://communityfund.stellar.org/dashboard/award-rounds/recm7WJHtRFCPARD7,,,Build Award Round,,,,,,29 November 2026,6 December 2026,16 December 2026,17 December 2026,,,,,,,,SCF 7.0,,2026
SCF #47,Q4 '26,Not Started,,0,0,0,,$0.00,$0.00,0,,,https://communityfund.stellar.org/dashboard/award-rounds/recrkDzZqMLu9aCwJ,,,Build Award Round,,,,,,25 October 2026,2 November 2026,11 November 2026,12 November 2026,,,,,,,,SCF 7.0,,2026
SCF #46,Q3 '26,Not Started,,0,0,0,,$0.00,$0.00,0,,,https://communityfund.stellar.org/dashboard/award-rounds/recxrSMYwAl8vcglg,,,Build Award Round,,,,,,30 August 2026,7 September 2026,16 September 2026,17 September 2026,,,,,,,,SCF 7.0,,2026
SCF #45,Q3 '26,Not Started,,0,0,0,,$0.00,$0.00,0,,,https://communityfund.stellar.org/dashboard/award-rounds/reccaFUJmN4HNQxvo,,,Build Award Round,,,,,,19 July 2026,27 July 2026,5 August 2026,28 January 2026,,,,,,,,SCF 7.0,,2026
SCF #44,Q2 '26,Not Started,,0,0,0,,$0.00,$0.00,0,,,https://communityfund.stellar.org/dashboard/award-rounds/rec4FnYypcsKpBRB4,,,Build Award Round,,,,,,7 June 2026,15 June 2026,24 June 2026,28 January 2026,,,,,,,,SCF 7.0,,2026
SCF #43,Q2 '26,Not Started,,0,0,0,,$0.00,$0.00,0,,,https://communityfund.stellar.org/dashboard/award-rounds/reciQ16Y1ztmnmE3N,,,Build Award Round,,,,,,26 April 2026,4 May 2026,13 May 2026,14 May 2026,,,,,,,,SCF 7.0,,2026
SCF #42,Q1 '26,Submission,"Teams interested in participating in SCF #42 should submit the interest form ASAP in order to be considered. If you meet the requirements, you will be invited to submit to the round by the deadline. ",0,2,0,0%,$0.00,$0.00,0,,,https://communityfund.stellar.org/dashboard/award-rounds/recweELi12M0ftBYZ,,"BIM Exchange, Check edition p (interest one sad)",Build Award Round,,,,,,15 March 2026,23 March 2026,1 April 2026,2 April 2026,,,,,,,,SCF 7.0,,2026
SCF #41,Q1 '26,Panel Review,"SCF #41 is currently in the Panel Review phase. If you’ve submitted a Build Award submission form, it is currently being reviewed. We’ll notify you once it moves forward.",0,86,0,0%,$0.00,$100.00,10000,,,https://communityfund.stellar.org/dashboard/award-rounds/recTLIVf9LOTBtkld,,"Neon Wallet: Unlocking Stellar, ACTA, BelugaSwap, Parametric Climate Insurance Infrastructure for African Smallholder Farmers, Atora, Forg3t Protocol, Catnip Heist in Token Tails universe, Token Tails, Credible Finance, Bousol Wallet Enterprise, Helix Labs, Liquid by Upesa, Upesa (formerly utoken), Automated Finance, TapVia, ViFi Labs, Soroban & Classic DeFi Portfolio Hub, Tesseract Protocol, The Strategists, The Neighborhood, Soroban Secret Compute (SSC), Providencia Onchain (VIIO x Climate Future), Merkle Science Plattform for Soroban, Trustless Work, Fist Commerce, Tipper, Astrix, Conomy_Payment4Platforms, Fiatsend, Advanced Debugging for Soroban Smart Contracts, Warp Drive, Blossom, Zolvency: The Zero-Knowledge Solvency Layer, Goated App, Wirex - Vottun Stellar SDK: A Scalable Development Framework, MPCVault Stellar Integration, Zikuani - a privacy-preserving Identity infrastructure, SmoothSend, Vigente Protocol: Zero-Knowledge Reputation Oracle for Soroban RWA Integration, Paywit – Wallet-Agnostic Stablecoin Payments on Stellar, Tenaz - Tap-to-Pay Stellar App, Moneyverse MVPAY - Retail & Business Payments Rail, Nebula Wallet, Kyros OS, Colossus Digital, surgepay, Syklo, Reactor Trade, Noether, DuskPool, WOWMAX, PASSLink: Identity and Trust Resolution for Payments  , Payala - Enabling offline payments in the stellar ecosystem, JoonaPay, Powr Finance, Cushion - Capital protection , Hatom Protocol, CashAbroad Smart Treasury, CashAbroad, Wellspring, Stellar Fintech OS: Infrastructure for a Constellation of Micro-Fintechs, $NRG Token by BLOND:ISH, Piggy Wallet, PathPulse AI, Zarf Protocol (zarf.to), Rumble Fish Software Development, Soroban Specialized Reverse Engineering Tool, Soroban-first Block Explorer, CelerFi DeFi Data Infrastructure (Prices + Positions APIs), WASM unboxer (working title), RFP: Soroban (WASM) Specialized Reverse Engineering Tool, Prices API RFP - CTX, OctoPos - DeFi Position API, Smart Account Onboarding, Rumble Fish Software Development, SorobanHooks, gemma test 2, StellarPasskey Cloud, KMP Stellar SDK, Stellar DEX Liquidity Engine - Hummingbot Integration, gemma test 2, JS-Capacitor Passkey Kit, StellarScope, Latch, Orion (Defi Positions API), C-Address Toolkit, PG Atlas, OBSRVR Prism",Build Award Round,8 December 2025,11 January 2026,12 January 2026,19 January 2026,20 January 2026,8 February 2026,9 February 2026,18 February 2026,23 February 2026,1 March 2026,2 March 2026,9 March 2026,,,,Thumbnail - SCF #41.png (https://v5.airtableusercontent.com/v3/u/50/50/1771912800000/brJoWNSYer2mn0G7dbYI9A/Y2n-AXNlN7S5wL-PFUIDG18m9uJxBQqPlDcXpeRoKzUqE0nAtZRrVWUaC6MDW9y-lvS7IjpDCTCR3UU3_CsKkbRl7OJgXolOEiIuyFMDRfjdkcNJRwTC98MOcNYQAbxEB8rmbMOO4NB3AjZXAVPJl8MDIFtN0qNBoAhAJU1SN3Q/YyUr0_2gpkp53jAInh_t_AOhyL792xSii1MsfIcmyUk),SCF 7.0,,2026
SCF #40,Q4 '25,Ended,SCF #40 has ended. Find results here: https://medium.com/stellar-community/scf-40-round-recap-c01b44d85a04,199,100,24,24%,$2182110.00,$972303.33,4668013,$90921.25,,https://communityfund.stellar.org/dashboard/award-rounds/rec9zh7vNhlW5M1Hc,"TheXBank ,Boundless,BPV StellarMesh Anchor,GrantFox,JS-Capacitor Passkey Kit,Houdiniswap,Loop - Cashback Everywhere with Stellar ,Post-Quantum Secure Wallets for Stellar,ChainPatrol,DeFarm,Eara: European regulated RWA ecosystem,HedgePay,Paykit,Stellar Unity Developer Kit,Confidential Transfers and Balances,Diameter Pay,ApiCharge,Juntta: Web3 Crowdfunding for LATAM,Bevor,Splito,Stellars Finance: Cross-Chain Perpetuals,Legasi,Meria DeFi,Stellar Passport","Mobile Wallet Crypto ATM, XLM Wallet for Salesforce, Traction3, TheXBank , Rivool Finance: RWA in Emerging Markets, TokenWay, Boundless, BPV StellarMesh Anchor, VIA Labs , Abroad, Gameduk, surgepay, eFama Voucher System, Everest: Identity Wallet - Fiat Banking, Easner, OverSync, CoopStable v2 - Yield sharing stablecoin, PhishGuard, Chain.Love, GrantFox, Parametric Climate Insurance Infrastructure for African Smallholder Farmers, Kassiopea, Azawire, Paenote, Stablpay, Growwr: Future of Work on Stellar, Offer-Hub, Stellar Nexus Experience, JS-Capacitor Passkey Kit, Pody Finance (by Pody Network), Houdiniswap, Loop - Cashback Everywhere with Stellar , Bingtellar, Post-Quantum Secure Wallets for Stellar, Merkle Science Plattform for Soroban, ChainPatrol, eTEU, NemorixPay, Gimme, Nodefoundry AI, DeFarm, Osiris, SimplyTokenized: Soroban Suite, nodes.garden, Eara: European regulated RWA ecosystem, Sorotrack, Basqet Finance, Lumexo, HedgePay, Paykit, The Frontier: Stellar x Google AP2 , SendbyKatika, SeCuWa, KATE: Tokenizing Alternative Investments, Stellar Unity Developer Kit, Sendana, Confidential Transfers and Balances, Cicero, Ethic Hub, Solo, Diameter Pay, CelerFi, ApiCharge, Juntta: Web3 Crowdfunding for LATAM, Stableyard, PASSLink: Identity and Trust Resolution for Payments  , KMP Stellar SDK, EduAfrica Learning App, GalacticTalk, WaveTip, Vakanopay VATM, Lance, Bevor, Splito, Automated Finance, Solar, StellarRead, Thunder, Dropsland, Payala - Enabling offline payments in the stellar ecosystem, BlackFrog , Neon Wallet: Unlocking Stellar, Alternun, Kima, AION_FI Protocol, Stellar Playground, Stellars Finance: Cross-Chain Perpetuals, Minah, Saldo.mx, MOJA - Web3 Powered Group Saving, Nefture, Legasi, AXIS, EcoSphere, Accesly, SoroStarter, Meria DeFi, Vaquita, Stellar Passport",Build Award Round,2 September 2025,19 October 2025,20 October 2025,24 October 2025,21 October 2025,9 November 2025,10 November 2025,17 November 2025,21 November 2025,30 November 2025,1 December 2025,,,,,Thumbnail - SCF #40.png (https://v5.airtableusercontent.com/v3/u/50/50/1771912800000/i-Id0hvOpFEQPXChjULUQQ/cdEBRiMKoF8FI7wdVDuGQ6_TLXCv-qaAeOSv_jGHPAfHeLTD_PIX23wJCQW_qcZcB84q55erpcPp2y6E5dHkKu1h0HnbtOU8nr6fLeYkeLQ8t4quKqgx9ujDCOnGNOs81QVTlqI-r4IJ__0LQJ2nwSOjsADdd6OrKKuYCB89xOM/TAg9ywIRIlJlpCgh4W7QdOUnn63OFiYgtzxn7sZN_Is),SCF 6.0,https://medium.com/stellar-community/scf-40-round-recap-c01b44d85a04,2025
SCF #39,Q3 '25,Ended,SCF #39 has ended. Find results here: https://medium.com/stellar-community/scf-39-round-recap-e211cdd5eb80,140,77,12,16%,$1115655.00,$730311.67,3379644,$92971.25,120,https://communityfund.stellar.org/dashboard/award-rounds/rec9bKSlg8jOYiwS0,"RendBit,AIDA,OneKey,DevAsign,Synced Geo-Bounties,Hurupay Virtual Accounts Program,Lumen Later,Inference,Soroban SDK Tools,QuillTip: Publishing and Microtipping,dolphinze,stallion","Splito, Gateway App, RendBit, Decentralized Fact-Checking Toolkit , OmyPayments, SecureX: AI-Powered Security Platform, BPV StellarMesh Anchor, Syron, JUA, Azawire, QuantCite, InveStar, Gimme, Tokenpad: Stellar DeFi and RWA Tracker, The Neighborhood, OracleID by KrosAI, AIDA, Kea Credit, MicroVault by Shamba Records, PegFlow, PeerPesa, Wendi Stellar Remit, Laguna Network, Vaquita, Chain.Love, Thellex, Forg3t Protocol, Upesa (formerly utoken), Blendy - Core Liquidity Infrastructure , SorobanHooks, Digemart, VerbEx , eFama Voucher System, Depay, Cryptnance , Fiatsend, Parametric Climate Insurance Infrastructure for African Smallholder Farmers, OneKey, Tokenbooks Multi-Chain Crypto Accounting, CelerFi, DevAsign, Synced Geo-Bounties, Borderless Critical Health Protection, Hurupay Virtual Accounts Program, EduAfrica Learning App, erable, ZeroFX, IC Investments, Lumen Later, Ryvit, ZKfinance - Lending for Entrepreneurs, Human-Centered AI Creator Payments , Traction3, WP Studio, Loky: AI-Powered DeFi on Soroban, Roots Pay , Amary, Inference, Nefture, AuditAI, Paykit, Sovrn: Onchain City Payments + more, Nodefoundry AI, Chaosground, Thunder, Soroban SDK Tools, Kutana Pay, DeFarm, QuillTip: Publishing and Microtipping, Peripay, SocketFi, Stellar Pilot (MCP), Sytemap, Accesly, dolphinze, stallion, VerifyEd",Build Award Round,21 July 2025,1 September 2025,2 September 2025,7 September 2025,8 September 2025,21 September 2025,22 September 2025,29 September 2025,2 October 2025,9 October 2025,13 October 2025,20 October 2025,,,,Thumbnail - SCF #39@2x.png (https://v5.airtableusercontent.com/v3/u/50/50/1771912800000/nWRfncsLYgt_nGJ5d7zcQA/I0LldajEhhbWPwK2dx4eU4FaK-962Aghp9mAhCvZNtgnmVNRYOh5600DR52r4x03uLireCGNjYa2vZOzsYDFtX_MoyGOutyiXMVfpz7ZjAGObQFE6eL5DHUoEdEUUvyaBvxoYWC0EePtsLLOn8REVk47dUyLITdZr1SoUmOwvTs/baGydRw05yeWgt8-o61FhJFKUDpMQYB8vElF4j-w5VE),SCF 6.0,https://medium.com/stellar-community/scf-39-round-recap-e211cdd5eb80,2025
SCF #38,Q3 '25,Ended,SCF #38 has ended. Find results here: https://medium.com/stellar-community/scf-38-round-recap-3fe56da23b48,160,89,24,27%,$2568750.00,$1806000.00,7155767,$107031.25,104,https://communityfund.stellar.org/dashboard/award-rounds/recj1XuLpWn6GQRmc,"Hito Wallet,Freedom Pay Wallet,SFx Super Money app,ROZO - One Tap to Pay,Webacy Inc.,IRL,Token Terminal,Vanna Protocol,Agnostic,Aerochain,Lul-Serving the unbanked,Cartwey,Kasi Money,Onboard Game Devs with Beamable,Rubic,WebSoroban IDE,YieldBack.Cash,Stellar Merch Shop,Peridot Finance,Institutional Treasury - XLM,Minah,Sollpay: Keyless ZK Wallet + Stellar,AgTrail: Stellar Food Traceability,Choppaddi - Food and Grocery App","Finch, Houdiniswap, POMA Protocol, Scopuly - Stellar Wallet, Greybox, Borderless Neo-bank for Diasporas, XLM Wallet for Salesforce, Hito Wallet, NemorixPay, CoopStable v2 - Yield sharing stablecoin, DayFi (Daily Finance), Tutum Financial, Freedom Pay Wallet, TokenWay, Money app Treasury and Invoice Dashboard, Celeriz, GrantFox, Crynk - The Next Gen Payment Gateway, Aletheions: Blockchain Infrastructure, QuantCite, Cosmo Dex, SFx Super Money app, TruMarket: Automated Agro Trade Finance, FindTruman, Digemart, Blockera - Realty on Chain, Thunder, Cryptnance , ROZO - One Tap to Pay, Kutana Pay, Analogue Shifts, Vottun QuestHub powered by Stellar, Fundraisely, Webacy Inc., InveStar, IRL, Mobile Wallet Crypto ATM, Token Terminal, Azawire, Liquidity rail, DevAsign, Vanna Protocol, Hurupay Virtual Accounts Program, Gimme, AIDA, Piggy Wallet, Stable Jack, Agnostic, Logistech, Aerochain, Lul-Serving the unbanked, TrustEVault – Decentralized Escrow, Nefture, Cartwey, Kasi Money, Onboard Game Devs with Beamable, Rubic, PizzaDAO Apps , WebSoroban IDE, Snyper, Surus, PipeOps, Upesa (formerly utoken), RematesPro, YieldBack.Cash, Nodefoundry AI, Stellar Merch Shop, Peridot Finance, Example no description, Waku, Institutional Treasury - XLM, OmyPayments, Minah, PASSLink: Identity and Trust Resolution for Payments  , Diaspora Banking Companion for FIs, Amary, Sollpay: Keyless ZK Wallet + Stellar, TheXBank , Parabl, stallion, Vaquita, Grade ERP, AgTrail: Stellar Food Traceability, surgepay, AFRIPAY FINANCE, Neftwerk Inc., Conomy_Payment4Platforms, Choppaddi - Food and Grocery App, dolphinze",Build Award Round,10 June 2025,22 July 2025,23 July 2025,28 July 2025,28 July 2025,11 August 2025,14 August 2025,19 August 2025,22 August 2025,27 August 2025,27 August 2025,2 September 2025,,,,Thumbnail - SCF #38.png (https://v5.airtableusercontent.com/v3/u/50/50/1771912800000/_YBs6kyqs2Led0_DYNHXOA/dHmurt0WKD8nhABh9POdr_hndGhJ_s4BRFW_h1F9AGsf_70ps-UO_8oKbzaMNkgaqGR2nqCXKOxk1mfBpq_9KyWk_TCncdVvYitfKCX6N-d2s7F0zsku2Moi1Dk8b3N4z2BzW2PniqJM3etzZ2KUdO2G8i7FthktgPr5SkvDWGc/wb_yFRoQ_3qnf7eX4__8QSTMYO2LwoHVjT9N8YgUXm8),SCF 6.0,https://medium.com/stellar-community/scf-38-round-recap-3fe56da23b48,2025
SCF #37,Q3 '25,Ended,SCF #37 has ended. Find results here: https://medium.com/stellar-community/scf-37-round-recap-9e0304ac6985,140,76,19,25%,$1861405.00,$1315191.67,4622415,$97968.68,44,https://communityfund.stellar.org/dashboard/award-rounds/recXNYH3tfP4FZnSi,"docking.zone,DomiPago,Liqvid.xyz,Stellar Integration in Adamik API,Tipper,Rivool Finance: RWA in Emerging Markets,Stellar Transaction Visualizer,Smilepay Global,LumenShade: privacy pools,TuCambio Wallets,Moonlight Protocol,Arka.fund,Ben Wallet (a KALE wallet),Stellar AI Agent Kit,SorobanHooks,ROSEN,Dobprotocol,reBlue: Securing Austere Supply Chains,Indentura","docking.zone, Sheltergram, Amary, Aarna Protocol, PeerPesa, Kwikpik, Tokenpad, Basilic:Unlocking Crypto Payment for Biz, Depay, Meme City, DomiPago, DevAsign, Stablpay, InvoiceX, Liqvid.xyz, Stellar Integration in Adamik API, Crynk - The Next Gen Payment Gateway, Thellex, Human-Centered AI Creator Payments , Tokenized Art Passport (TAP), Tipper, Syron, BeyondFi,  Koltena, Rivool Finance: RWA in Emerging Markets, Scopuly - Stellar Wallet, Kassiopea, Stellar Transaction Visualizer, Cosmo Dex, JS-Capacitor Passkey Kit, Smilepay Global, Ryvit, LumenShade: privacy pools, TextCash, TuCambio Wallets, FindTruman, Moonlight Protocol, TrustEVault – Decentralized Escrow, Veive: Modular Identity Provider, Blockera - Realty on Chain, Crossmint Smart Wallets, Arka.fund, Ben Wallet (a KALE wallet), RegenX: Tokenised Clean Energy RWAs, Stellar AI Agent Kit, Loky: AI-Powered DeFi on Soroban, SorobanHooks, AuditAI, Peridot Finance, Eara: European regulated RWA ecosystem, Beeeyond.africa, Fundraisely, Sunce Wallet, Lul-Serving the unbanked, GrantFox, Fund Stella, Institutional Treasury - XLM, JUA, Interlude, ROSEN, CoinHarbour, Forestio, Aerochain, Web Antivirus, Dobprotocol, Peripay, Alternun, Minah, Upesa (formerly utoken), Global Cultural Assets Exchange, Ebisoft, Sytemap, reBlue: Securing Austere Supply Chains, UnityLedger, test2, Indentura",Build Award Round,5 May 2025,8 June 2025,9 June 2025,13 June 2025,16 June 2025,6 July 2025,10 July 2025,14 July 2025,17 July 2025,23 July 2025,24 July 2025,31 July 2025,21 July 2025,25 July 2025,,Thumbnail - SCF #34.png (https://v5.airtableusercontent.com/v3/u/50/50/1771912800000/8lfov7dh25tteKkMaQSZBQ/ujXTHTKFofsJZ1MdqpZ2Y_mi_BnVJeBKktnsGsQcS1pKnO6yQAWsZYEGLW6ksg4UGYWBmuaD7-rzZph2wu8orLgMyPpQH9hFyDXjdPzxHjEU7OLcWGctuOzR4ROQBf4S-V26JN8y8yHxlp8CFrGIfHYqX5nhIDBAsVNUWtFuqRw/jS6VzaagCk1Kjdj0GGgBtc-3FghvrgomOGaK65_WLEs),SCF 6.0,https://medium.com/stellar-community/scf-37-round-recap-9e0304ac6985,2025
SCF #36,Q2 '25,Ended,SCF #36 has ended. Find results here: https://medium.com/stellar-community/scf-36-round-recap-b35e675dee10,178,53,23,43%,$2088654.00,$1625340.67,5816614,$90811.04,47,https://communityfund.stellar.org/dashboard/award-rounds/receGSzcUcFX4pSvC,"Seevcash,zkFetch: zkTLS-Powered Oracle Solution,Interlinked,Splyce Finance,Swift Wallet SDK,Centiiv,Blux,AI Transparency Token (AITT),Lobster,PayZoll,Sentinel Protocol ,(SSC) - Scorechain Stellar Compliance,Uniblock,RemittEase,SendIN,Meta Contracts in Stellar,Soroban Security Portal,Globachain,LiquidsFi: Bridge and Cross-chain Oracle,Stables,TrustSwap: Team Finance,Venalabs,Venerez","GlitchD Labs, FeePrime, RegenX: Tokenised Clean Energy RWAs, surgepay, Plutope Merchant App, Seevcash, zkFetch: zkTLS-Powered Oracle Solution, TextCash, Interlinked, Stellar Analytics Platform Poweredby LLM, The Protius Protocol Build, Splyce Finance, Swift Wallet SDK, TrustEVault – Decentralized Escrow, Tiamonds, Centiiv, Boundless, Chainfluence Previously Adsdrop, Blux, Stellar Transaction Visualizer, CoinHarbour, Stellar AI Agent Kit, AI Transparency Token (AITT), FindTruman, Lobster, PayZoll, Invincible Football Manager (IFM), Next-Gen Tools for Tournaments, Sentinel Protocol , (SSC) - Scorechain Stellar Compliance, Neftwerk Inc., Uniblock, TokenWay, Peripay, RemittEase, SendIN, RendBit, DeFarm, Meta Contracts in Stellar, Soroban Security Portal, Globachain, Beexo Wallet, Sytemap, SoroStarter, LiquidsFi: Bridge and Cross-chain Oracle, RAMM: Global Retail Commerce, Hazel Trade , Stables, TrustSwap: Team Finance, Birdhouse: Modular Token Protocol, Snake Nation App - VNM Wallet, Venalabs, Venerez",Build Award Round,26 March 2025,4 May 2025,5 May 2025,9 May 2025,9 May 2025,26 May 2025,27 May 2025,2 June 2025,5 June 2025,12 June 2025,10 June 2025,17 June 2025,9 June 2025,13 June 2025,,Thumbnail - SCF #35@2x.png (https://v5.airtableusercontent.com/v3/u/50/50/1771912800000/Pwr3o7Dxos7EDS2UPjPkTg/ZGlSBM5m-wnnnKkf4duVO3lldfwds0q3J7Y3DIciT3Fpld1P2Vzbaxv7PONGQlZ3_zU6DwjQzR43pOGvreLFusAPx5p7Y6YSqlLqdfmpElLgXd3MvYos5s8IO9_V3rE6cSkHC5mfVytKfKiMBJaXUtdCIRWXcPiS5NPeGDPXqPg/GGrvCJGu5rOBV6e631kGzJdNGwS3gktuKoN34IFIgRI),SCF 6.0,https://medium.com/stellar-community/scf-36-round-recap-b35e675dee10,2025
SCF #35,Q2 '25,Ended,SCF #35 has ended. Find results here: https://medium.com/stellar-community/scf-35-round-recap-b8ebfb84f33f,199,77,21,27%,$1865348.00,$1200315.33,3894017,$88826.10,48,https://communityfund.stellar.org/dashboard/award-rounds/rechucpqB2hktcEm7,"Wirex Pay ,Upesa (formerly utoken),Normal,Abroad,VIA Labs ,Spinach,Reyts - Stablecoin-Powered P2P Fiat DEX,AirGap,Axal,Stellar DeFi Dune Dashboards,SwiftEx,LedgersTax,KindFi,Estrela,MUWPAY,Cobo Custody Integration for Institution,Lumen Loop,Flow,Coala Pay Billy Wallet,Digibank | SDP,Volta Circuit","Stablpay, Thellex, Cryptool.io, Wirex Pay , Upesa (formerly utoken), Stellar Analytics Platform Poweredby LLM, Normal, Grade ERP, Abroad, CPAYANT: Stellar for African Trade, DexGo, SCI - Stellar Contract Invoker, VIA Labs , Spinach, Reyts - Stablecoin-Powered P2P Fiat DEX, Secubit, AirGap, DomiPago, BlockGigs, Axal, Borderless Neo-bank for Diasporas, Wizz, XLM Wallet for Salesforce, Liquidity rail, Invincible Football Manager (IFM), Globachain, Chrysalis, Thane, Stellar DeFi Dune Dashboards, Celeriz, MOJA - Web3 Powered Group Saving, EARNLUMENS, RegenX: Tokenised Clean Energy RWAs, SwiftEx, LedgersTax, BeyondFi, Splito, Shogun, Tokenized Art Passport (TAP), SkyBridge, AuditAI, Eara: European regulated RWA ecosystem, Lul-Serving the unbanked, Zilt, LiquidsFi: Bridge and Cross-chain Oracle, Soroban Security Portal, Sentinel Protocol , KindFi, Estrela, JoonaPay, Rewardable, MUWPAY, Cobo Custody Integration for Institution, Uniblock, Lumen Loop, Ryvit, CoinHarbour, DeFarm, Venalabs, RemittEase, React Native Wallet SDK, SoroStarter, Venerez, Smilepay Global, PipeOps, Pakana.Net, Flow, Cartwey, Choppaddi - Food and Grocery App, The Solstice Protocol, Coala Pay Billy Wallet, Next-Gen Tools for Tournaments, Hito Wallet, Digibank | SDP, Haraka: Social finance for EM, docking.zone, Volta Circuit",Build Award Round,10 February 2025,23 March 2025,24 March 2025,28 March 2025,28 March 2025,13 April 2025,14 April 2025,20 April 2025,25 April 2025,1 May 2025,21 April 2025,5 May 2025,5 May 2025,9 May 2025,,Thumbnail - SCF #28 (1).png (https://v5.airtableusercontent.com/v3/u/50/50/1771912800000/qA6BD-ETXlzfvK4lqlptQg/DI_edH1PqEa3WnNh1tBcwqiF8AsVmPNeNVJOTZzzDFZDUsGRuTVYu1VJsf98L3dPUSGrywQoD-foguTopb2SDqLb0GXIz9Nn4CF-4O2oeRQWglFVNrBK67C6h210YnOZRfrOlTTauAAOZiVXNE0TUTykJUUnlR8RvyLonzxA_I0/_kAMQGAuPOAdFNcEmsrPxzT8k0MBFIJHKEjSNpdUgkM),SCF 6.0,https://medium.com/stellar-community/scf-35-round-recap-b8ebfb84f33f,2025
SCF #34 ,Q1 '25,Ended,SCF #34  has ended. Find results here: https://medium.com/stellar-community/scf-34-round-recap-ea0ea6564d3a?source=collection_home_page----89c348dcf743-----1-----------------------------------,147,77,17,22%,$1717287.00,$1542567.13,5592905,$101016.88,36,https://communityfund.stellar.org/dashboard/award-rounds/reczef7Of02J24H1l,"Comunitaria,JetPad,Autowhale,Logistech,Alula,Loto Punto: Automated Remmitance Kiosks ,Flashback,DappRadar,Unstoppable Wallet,Laina,Greep POS/ Greep pay,PAYRIT,Range: Cross-chain intelligence platform,Mobula Labs,NebulaVRF,Upwealth,human.tech","8Bit Aracde, Sheltergram, Globachain, Globachain, SwiftEx, Splaindex, Meme City, Freelii , Comunitaria, Data Oracles for Insurance and Finance, Grade ERP, PipeOps, JetPad, uils, Rehoboth Finance, Transfuse: Multichain Asset Bridge, Polariz Protocol, Digital Assets with Real-World Access, RecurrPay, FBA Finance, Kwikpik, DistroMint, AURUS, TextCash, Autowhale, Logistech, XLM Shop, Upesa (formerly utoken), Alula, Loto Punto: Automated Remmitance Kiosks , Flashback, AirGap, MUWPAY, ARKEFI, DappRadar, AI Transparency Token (AITT), Basilic:Unlocking Crypto Payment for Biz, Sati, Stellar Command Insights (SCI), CoinHarbour, Unstoppable Wallet, Rewardable, Laina, Greep POS/ Greep pay, XLM Shop, Blux, Blux, Keyless, Cartwey, Tradable, Azores Group, PAYRIT, Interlinked, SMC, Next-Gen Tools for Tournaments, Range: Cross-chain intelligence platform, Mobula Labs, NebulaVRF, Wom, Azos Labs, Upwealth, SudoCat, Venerez, LiquidsFi: Bridge and Cross-chain Oracle, HodlCC, zkFetch: zkTLS-Powered Oracle Solution, Secubit, WalletD, Permissionless Capital, Stellar Analytics Platform Poweredby LLM, human.tech, Rain, Joint, Nuffle Labs - Expanding Utility of XLM, Neftwerk Inc., Volta Circuit",Build Award Round,21 January 2025,9 February 2025,10 February 2025,16 February 2025,17 February 2025,2 March 2025,3 March 2025,10 March 2025,12 March 2025,18 March 2025,18 March 2025,31 March 2025,17 March 2025,21 March 2025,,Thumbnail - SCF #34.png (https://v5.airtableusercontent.com/v3/u/50/50/1771912800000/TmM0xi2cxgNjYhj98N2jDQ/to7ppnG8iZqOwFavVFJOoxdY86l1uYy3LKkSYXt4kcWRIblend5LGstcyX7HZEF5yKLv8tFSHqj3pHGAL2lBRnQYKxkqMzYLC0CtooUY7SnG0SsghvHNDklVgkKAry-uiIAqtTWFvNGMOYU-J9iH49cjNGrVAxLSKM_wflY5YiU/lyQEMi80nqIAMnk9LQlKr_rfPlf5v7UGczxneTt6y4w),SCF 6.0,https://medium.com/stellar-community/scf-34-round-recap-ea0ea6564d3a?source=collection_home_page----89c348dcf743-----1-----------------------------------,2025
SCF #33,Q1 '25,Ended,SCF #33 has ended. Find results here: https://medium.com/stellar-community/scf-33-round-recap-c2f9d2e57543?source=collection_home_page----89c348dcf743-----2-----------------------------------,0,95,14,15%,$1033620.00,$888613.33,3032486,$73830.00,50,https://communityfund.stellar.org/dashboard/award-rounds/recPE9vdKSenOmWr6,"CodeLnPay,Outbounder,The Give Hub,BlindPay,SorobanHooks,Warmancer: Black Friday,A real estate tokenization platform,Artizen,PeerPesa,StellarBroker,Soroban Optimistic Oracle  (SOO) ,Solang Playground,Stellarcarbon,Stride","Fund Stella, Hypersign.id, SONGS, MOTI, Vottun Social Wallet Fund, Time Capsule by Moonrock, Blocknative , Gateway App, Sheltergram, Subdoor, TradeSta.ai, ""$KARPOUS, cDeFi Global Asset Marketplace"", PORTERS.XYZ, SpotPool, Talentum, Hashtag Influencer, PlayWeb3, Kwikpik, 8Bit Aracde, Copus, Grade ERP, Zero Trust Vault, Zero Trust Vault, Raize Club , Raize Club , TextCash, Diamore, Transfuse: Multichain Asset Bridge, Tugela, Project Geld, Meme City, CodeLnPay, Outbounder, Flashback, The Give Hub, Zero Trust Vault, BlindPay, StellarGame, PAYRIT, Tutum Financial, SorobanHooks, GB Integration with Stellar Blockchain  , Warmancer: Black Friday, Stellar Fortuna, A real estate tokenization platform, XLM Safari, Artizen, PeerPesa, WhiteRabbit, DeFiPool, BroXLM, Surety Protocol, CLOB, Birdhouse: Modular Token Protocol, Padi, Next-Gen Tools for Tournaments, StellarBroker, Soroban Optimistic Oracle  (SOO) , MUWPAY, Chau – Next-Gen Estate Planning, MOJA - Group Savings Made Borderless, Tiamonds, Stablpay, Wom, Drip 3.0 /drip3o.com, Zinter Logistics A.I, KindFi, Ordbit, Solang Playground, NutriChain Zambia, ASTRA, Stellarcarbon, Azores Group, Citta Network, Greybox, SwiftEx, Whitepaper Scanner & Tru Token, Polariz Protocol, SMC, Estrela, Wadzzo, Nyayomat Alternative Credit Platform, EarnOut Strategy and Financial Alignment, freshbin, GainForest, Revolutionary Farmers, Starlift, Fusion, Sytemap, Astrix, Stride, THE GUILD, OrbitXpay.com, Alula",Build Award Round,25 November 2024,5 January 2025,,,,,,,16 January 2025,22 January 2025,,,,,,Thumbnail - SCF #33.png (https://v5.airtableusercontent.com/v3/u/50/50/1771912800000/RaPuUr7Is3j822kJMQ47Xw/pDGPVnUGfqEfc3bjnEAD1S5-BSfu9262pqMUfhqx_leJNg5FMoW-tU1VEavvk9mvVfpXkI4OQthpMmapA8Ls73sDiAGUaWEwNrNgCV3CpPZ6N-teELDWc5FHSE5BJU5FJJ7dXylguWK0sBixrHouKHrigjsdYaoqFX0ODTCtBU0/0TeGFH73dRez0xP7jELh2S-vSfmarMdTAgDuHS7ZLeg),SCF 6.0,https://medium.com/stellar-community/scf-33-round-recap-c2f9d2e57543?source=collection_home_page----89c348dcf743-----2-----------------------------------,2025
SCF #32,Q4 '24,Ended,SCF #32 has ended. Find results here: https://medium.com/stellar-community/scf-31-round-recap-296125f6ff1e,0,82,17,21%,$1377495.00,$1301828.33,4018192,$81029.12,30,https://communityfund.stellar.org/dashboard/award-rounds/recnDNF7Os1lLmEVk,"Gearup - Marketplace,OneClick.Fi,Myaza | Transact Across Africa,Freelii ,Rust Soroban Client Library,DeFindex: DeFi Made Easy,Unalivio,Soroban RPC SDK,XCAPIT Smart Pay,Eascrow,Palremit,Almanax,SocketFi,Kript,Hermes,Stellar Attestation Service,Abroad","Gearup - Marketplace, Stellar-MetaMask, Mesmerad, PeerPesa, Tadle, HOT Wallet , snappy, Sheltergram, OneClick.Fi, CoverCrypto, Myaza | Transact Across Africa, MyDataCoin, A real estate tokenization platform, Tugela, CPAYANT, CPAYANT: Stellar for African Trade, Myrkle, Pay Your Netflix Sub With Yoki, Freelii , AFRIPAY FINANCE, Rust Soroban Client Library, The Give Hub, DeFindex: DeFi Made Easy, numun, Synternet, Charge Fun, PAYRIT, Wadzzo, Unalivio, Soroban RPC SDK, Smilepay Global, Meme City, Stride, AI Real World Payment Agents, DeFiPool, PipeOps, Zig3 V3 Soroban Passkeys ID Defi Wallet, Greybox, XCAPIT Smart Pay, StellarPay, Flashback, Verselabs, SorobanHooks, Ecosystem Vision, Taram, ASTRA, SPIN.FASHION, Soroban CLI Cross Platform GUI, GainForest, Stellar Tech Support AI Solution, Data Oracles for Insurance and Finance, Upesa (formerly utoken), Tracee, Eascrow, Miniland, Seso: Stellar Real Estate Registry, Frontier Science Registry SCF 32 , Palremit, Nyayomat Alternative Credit Platform, Ember AI, Almanax, Push Lap Growth - On Chain, Stamprr, SocketFi, Kript, Swarmcor AI Payment & Agent Marketplace, Digital Assets with Real-World Access, Hermes, JoonaPay, Stellar Attestation Service, Transfuse: Multichain Asset Bridge, SignSplit, Abroad, Anima, OrbitXpay.com, bridgeUp, bridgeUp, Chrysalis, Comunitaria, TomTalk, SoroBuilder",Build Award Round,28 October 2024,24 November 2024,,,,,,,4 December 2024,11 December 2024,,,,,,Thumbnail - SCF #32.png (https://v5.airtableusercontent.com/v3/u/50/50/1771912800000/B_PGQXX9vTfylkE-8nJDqg/Em2MN9pT1VyIyfVJXg4QFOIyv2mIcF7qxFtSv2fWMn8DfidRLTxA7GcpNdGPmQXibXu5m1ImtZVYcaMi4IfsVnSKniMmL2MgpsqFlogJ1LuXDORchfKZjmOWnnWz5AlzyG7DQsvCMPVmLt3-5jA512PC2OiQg-NIJBdwsN_kg7w/T-VyjgpWpQKN2RRAgyeMZ01rRlJiNEDi63diYY79mbI),SCF 6.0,https://medium.com/stellar-community/scf-31-round-recap-296125f6ff1e,2024
SCF #31,Q4 '24,Ended,SCF #31 has ended. Find results here: https://medium.com/stellar-community/scf-31-round-recap-296125f6ff1e?source=collection_home---4------2-----------------------,0,124,22,18%,$2068710.00,$1793810.00,5446949,$94032.27,38,https://communityfund.stellar.org/dashboard/award-rounds/recmMAZ9NCDscGBnc,"K3 Labs,Amero Exchange,StreamingFast (core dev team at The Graph),Untangled,Swift Wallet SDK,PayQin,Trustless Work,xlm.sh,Mercuryo ,SiBorg,Content DAO,Identity Operating System (idOS),EquitX,Stellar Razor and Blazor Suite,Bebop,Cede Labs,Soroban Resource Usage Reporter,Kura,Rango,Normal,Spydra-Low code RWA Tokenization engine,Kulipa Debit Card","Amplifi, ASTRA: Turn AI Generated Designs Into Real Clothes, Athena, Stellar Attestation Service, BANGK, Chimp, Anticipatory Aid on Soroban, Palremit, LockPod, Nine Suns, Redeem Reality, Sfero, K3 Labs, Elseware, PreSend, Amero Exchange, Anima, MoneyFlap, XCAPIT Smart Pay, DontsTap, StreamingFast (core dev team at The Graph), Untangled, Abroad, Tugela, Arcana Network, Crono, 0xAuth, Entity Protocol, Globachain, Pictographs, PowerLayer, Project Geld, Smilepay Global, SongHub, Side, Stellar Talent Platform, TRADDIFY, Eczodex, Umbrella Network Oracle, A real estate tokenization platform, CPAYANT, CPAYANT: Stellar for African Trade, Swift Wallet SDK, Yoki Finance, StellarFun, PayQin, Stellarchain.io, CoverCrypto, Stellar Native Token Index, Trustless Work, Wadzzo, Tiamonds, Strooper Wallet, Soroban CLI Cross Platform GUI, DeFiPool, Bard, Gigoban, AFRIPAY FINANCE, SudoCat, Anima, AssetDesk, xlm.sh, Mercuryo , SiBorg, SorobanHooks, Cybercharge, Content DAO, Identity Operating System (idOS), EquitX, Stellar Razor and Blazor Suite, Alterscope, Nobak, Upesa (formerly utoken), Meru, Beexo Wallet, Taram, Chrysalis, JoonaPay, Bebop, Sytemap, Zilt, Comunitaria, SorobanHooks, Cede Labs, Freedom Pay Wallet, Infinity Ground, Prophe, Data Oracles for Insurance and Finance, The GiG Token, Soroban Resource Usage Reporter, Kura, Wombat Exchange, SDF Open Projects at Vottun Dev Platform, H2hemp, Open GameFi SDK , bridgeUp, ASTRA, Rango, Frontier Science Registry SCF 32 , Normal, Spydra-Low code RWA Tokenization engine, DocChain Notary, Upwealth, Merkle Tree Airdrop Tooling, CodeLnPay, Kulipa Debit Card, DeWork, Merkle Science, Soroban RPC SDK, Newzchain, Clear, OmniLumen, RecurrPay, Stellar AR, SoroBuilder, Bare Metal Infra + RPC Portal, Elementals, SocketFi, Jawudi, Digital Assets with Real-World Access, Blip, Moso, OrbitXpay.com, Cross Border Payments, Token Events",Build Award Round,16 September 2024,27 October 2024,,,,,,,4 November 2024,11 November 2024,,,,,,Thumbnail - SCF #31.png (https://v5.airtableusercontent.com/v3/u/50/50/1771912800000/QcfXrfE0blUO0KcDzZJjcA/j2psIgY8Sk2fcYOqiHlAczSVSJj-KXKTFl201AULjiKubULJTRm0vJzkq8zO1DWKFdIZtdF1SzeBBuFs79RPFZYO3A-4_5rzRdriEnMOE5drx07pZ--qNSRlhw-9rGEz3-JT8EbmBiAQ7du3L6lzgkGqf_uGM_jrU-FYGNMN4c4/uqiBJkQ-4iZgMU08sfFQh_UI3RMx7L7lzAop5eN9H-8),SCF 6.0,https://medium.com/stellar-community/scf-31-round-recap-296125f6ff1e?source=collection_home---4------2-----------------------,2024
SCF #30,Q4 '24,Ended,SCF #30 has ended. Find results here: https://medium.com/stellar-community/scf-30-round-recap-3da4be482add?source=collection_home---4------3-----------------------,0,150,22,15%,$2167917.00,$1980110.33,9382706,$98541.68,34,https://communityfund.stellar.org/dashboard/award-rounds/recYtZ5R17u4bxSrS,"TokenOps,Kryptos,Trustful,Rahat,Token Tails,Bousol Wallet Enterprise,Arculus x Stellar: Payments With Soroban,zkCrossDEX,Convexity Humanitarian Aid Transfer Solution (CHATS),Coindisco,TransferMole,MugglePay: Stripe for Stellar,Komet: Formal Verification,Every.finance,Tansu - Soroban Versioning,ScopeX,Nodies,Wellspring,Hoops Finance,Subs,Skyhitz,Rarible.com & Stellar","Stellar Community Forum, Joba Network, CPAYANT, CPAYANT: Stellar for African Trade, Tokpay, Blockchain CAPTCHA, EasyA, FeeSimulator, Blocknative , Edubuk, Dealy, Token Events, FBA Finance, OneClick.Fi, ChatterPay, StellarPay, TokenOps, JetPad, Soroban Infrastructure Hub (SIH), Token Events, Web3Auth, DRFQ Automated Payment Delivery, MediMint, Everest, USDC Swap: Stellar CCTP Bridge, Kryptos, Trustful, Swift Wallet SDK, BlindPay, MOTI, Easy Speak, Blockroll, PORTERS.XYZ, ElkX, Open GameFi SDK , SEAL-DAO, Motodex, Sytemap, Crowdgenix, Tiamonds, Data Oracles for Insurance and Finance, Liqvid.xyz, Orally Network, Noone platform, Rahat, SwaPerk Protocol, Token Tails, Harmonize, SCF 30 Frontier Registry, Express Disbursement, Wolfram Stellar Exchange Data Infrastructure, Thellex, Daada-Azix Project, EarnBIT, Scout, Interstellar, Plurality Network, EarnOS, ASTRA: Turn AI Generated Designs Into Real Clothes, Surfy, Bousol Wallet Enterprise, Normal, Spydra-Low code RWA Tokenization engine, Arculus x Stellar: Payments With Soroban, Gateway App, Stabull Finance Onchain FX integration, Stellar Card: Debit cards for Stellar wallets, CoverCrypto, Taram, SudoCat, zkCrossDEX, Convexity Humanitarian Aid Transfer Solution (CHATS), Carus, Myaza | Transact Across Africa, ST0x, Gunny Games, Kryptos, Merchadise & Tri-POD Connected Products, Almanax, Untangled, Hasana, Coindisco, CodeRock.ai, TransferMole, OmniLumen, KeyBot- the plug&play system for locking and unlocking the vehicle, Newzchain Old, Content DAO, Dropzey, MugglePay: Stripe for Stellar, Clear, Drip Rewards, trakx.io, DYOR, bridgeUp, Rarible.com & Stellar, Komet: Formal Verification, GiG, CodeLnPay, Aquarius, Merkle Tree Airdrop Tooling, Sanctum, Jobgap, DIVA Donate, Blip, MBD Financials, Every.finance, Koru, Tansu - Soroban Versioning, Seso: Stellar Real Estate Registry, Securd, ScopeX, Coinmiles, Venerez, Upesa (formerly utoken), Alternun, Nodies, PipeOps, Kura, Kript, Wellspring, ATM Token Wallet Non Custodial Wallet, Neftwerk Inc., JoonaPay, RENTOP, Hoops Finance, ICanProveIt -Proof-of-Learning, NomadFi, GlitchD Labs, Freedom Pay Wallet, Umbrella Network Oracle, Rehoboth Finance, Gearup - Marketplace, KeyBot- the plug&play system for locking and unlocking the vehicle, Subs, Leveraging Savings with Crypto, Blockchain and Charity, MoneyFlap, MBD Financials, Gateway.fm, ATM Token Wallet Non Custodial Wallet, Skyhitz, Kleo Network, SuperSpray, Seqre, Vottun developer platform, Rarible.com & Stellar, Soroban CLI Cross Platform GUI, Rango, Chrysalis, Upwealth",Build Award Round,4 September 2024,25 September 2024,,,,,,,23 September 2024,30 September 2024,,,,,,Thumbnail - SCF #30.png (https://v5.airtableusercontent.com/v3/u/50/50/1771912800000/pt2ZVBxwVC4pvBg3Pc5EJg/47VfdX3U7NutgBbuvWho3NSRrz1m0g_Si77xJxmSSB1XGHSv4ChY4iBG2kE4pIEkr0Xspk2uHYh_xQM48FW4UiMopBpqQWTp6VR_HfuLW5LKnEXyw0uV1Gm02LlvTYmbCTmEFdAB9MRNQkI3E__hqpqs0N_p4ZRcZVBy8ihqx2k/I4oPetdA-A14DgRpHMGOXtyL9i_zMvsfL5XQWSNhdQM),SCF 6.0,https://medium.com/stellar-community/scf-30-round-recap-3da4be482add?source=collection_home---4------3-----------------------,2024
SCF #29,Q3 '24,Ended,SCF #29 has ended. Find results here: https://medium.com/stellar-community/scf-29-round-recap-f105a8038c29?source=collection_home---6------1-----------------------,0,131,40,31%,$2278557.00,$2188657.00,22250285,$56963.93,44,https://communityfund.stellar.org/dashboard/award-rounds/recUJtFmqlumr8hhE,"0xAuth,AutoAction,Balanced,Beans app,Bitwave,BondHive:OnChain Fixed Deposit,BorderDollar,Calimero Network,Chrysalis,CLOB,Copperx - Gateway and Payout,Digicus,EA Kazi,Globachain,Hoops Finance,InfStones,Sytemap,Lantern Finance,LOAM,Lul-Serving the unbanked,Mystic Finance,OrbitCDP,POMA Protocol,Reflector,SendIN,Silicore,Solarkraft,SoroBuilder,Stellar Command Insights (SCI),Decentrio,NearX - Dev Educational Program,SoroStarter,Stellar Attestation Service,Stellar Women Bootcamp,stellarpro.dev,Switchly,THE HUB Citizens Portal,The Starship Soroban,Unalivio,West African Ambassadors (WAA)","0xAuth, AutoAction, Balanced, Beans app, Bitwave, BondHive:OnChain Fixed Deposit, BorderDollar, Calimero Network, Chrysalis, CLOB, Copperx - Gateway and Payout, Digicus, EA Kazi, FindTruman, Globachain, Hoops Finance, InfStones, Sytemap, Lantern Finance, LOAM, Lul-Serving the unbanked, Mystic Finance, OrbitCDP, POMA Protocol, Reflector, SendIN, Silicore, Solarkraft, SoroBuilder, Stellar Command Insights (SCI), Decentrio, NearX - Dev Educational Program, SoroStarter, Stellar Attestation Service, Stellar Women Bootcamp, stellarpro.dev, Switchly, THE HUB Citizens Portal, The Starship Soroban, Unalivio, West African Ambassadors (WAA)",Build Award Round,10 June 2024,14 July 2024,,,,,,,15 July 2024,29 July 2024,,,,,24 July 2024,Thumbnail - SCF #29.png (https://v5.airtableusercontent.com/v3/u/50/50/1771912800000/IVxKQB6oMikW1N94HphT4Q/ZboSN6oMyB8JeEyTFdmTER0c082pPjfOLJbiC7wrKVHvNh2DUDI9FZskWUQea94zju26-y44qcjvbcddCgYQAPNB3IVqSbNhUxOrXmyplsuNh-YTjstApm69IcqezP2VGHn9cyipeue8HV0G0Z6_imQls79UmC_OHcW0MScMzEg/-Prhv446W3BPyqlG3bnHceHIc282V8e7NTG92etKFqk),SCF 5.0,https://medium.com/stellar-community/scf-29-round-recap-f105a8038c29?source=collection_home---6------1-----------------------,2024
SCF #28,Q2 '24,Ended,SCF #28 has ended. Find results here: https://medium.com/stellar-community/scf-28-round-recap-1bb0174b13ca?source=collection_home---4------0-----------------------,0,108,30,28%,$1557809.00,$1572689.00,16896788,$51926.97,43,https://communityfund.stellar.org/dashboard/award-rounds/recQm9d0plW8sm1gi,"Amero Exchange,AssemblyScript Soroban SDK,BAF: Summer of Stellar,Bebop,DeFindex: DeFi Made Easy,Gearup - Marketplace,GiveCredit,Giveth,Grip,Komet: Formal Verification,Keizai,ClickPesa Debt Fund,Merkle Tree Airdrop Tooling,Neovestor - An RWA launchpad,OCTO ultimate SocioFi NFT hub,Open GameFi SDK ,Prophe,Blip,SGF Solutions,Rise In,SorobanHub,BiGGER - Startup Camp 2.0,Tansu - Soroban Versioning,Teken - Easy Multi-Signatures,Upesa (formerly utoken),OmniLumen,LINK IO,Web3 Antivirus (W3A),LiquidsFi: Bridge and Cross-chain Oracle,PayQin","Amero Exchange, AssemblyScript Soroban SDK, BAF: Summer of Stellar, Bebop, DeFindex: DeFi Made Easy, Gearup - Marketplace, GiveCredit, Giveth, Grip, Komet: Formal Verification, Keizai, ClickPesa Debt Fund, Merkle Tree Airdrop Tooling, Neovestor - An RWA launchpad, OCTO ultimate SocioFi NFT hub, Open GameFi SDK , Prophe, Blip, SGF Solutions, Rise In, SorobanHub, BiGGER - Startup Camp 2.0, Tansu - Soroban Versioning, Teken - Easy Multi-Signatures, Upesa (formerly utoken), OmniLumen, LINK IO, Web3 Antivirus (W3A), LiquidsFi: Bridge and Cross-chain Oracle, PayQin",Build Award Round,13 May 2024,9 June 2024,,,,,,,10 June 2024,24 June 2024,,,,,18 June 2024,Thumbnail - SCF #28.png (https://v5.airtableusercontent.com/v3/u/50/50/1771912800000/QYMFKug3Ed0WZRrBepy5pw/-TnIEiZIdHypDsfHHRaHrx7V0MbMR52rPcxT31L8siIpmpkV95043l24mhhrW9Cfxal8va91v_3VoEjDJ7wjrPzx_3myhHrtHqyXvtj6h5g-Rnd4gZSEk3NlRE1KESC4xkmSuQ1wGluFgENv-eLSAfe-ulA-1M3nkmPpULl619w/iv0czoCr7stJQDwvgx1ynPZkZohAK-aJwcdM5Wt_Oaw),SCF 5.0,https://medium.com/stellar-community/scf-28-round-recap-1bb0174b13ca?source=collection_home---4------0-----------------------,2024
SCF #27,Q2 '24,Ended,SCF #27 has ended. Find results here: https://medium.com/stellar-community/scf-27-round-recap-ebb806ee0616?source=collection_home---4------3-----------------------,0,117,36,31%,$1489730.00,$1489730.00,14574585,$41381.39,39,https://communityfund.stellar.org/dashboard/award-rounds/recXYjcgbIh26ESE0,"0xAuth,Alternun,Aquarius,Content DAO,BitGifty,BondHive:OnChain Fixed Deposit,ChainCred,Dapp World,Formal VerSo,GrantPicks by PotLock,Huma,Infrastructure Support Liquify,Institutional Treasury - XLM,JS Worker SDK,Kript,Kura,Metafyed,Nauta Land,Orally Network,PHP Anchor SDK,Plutope Merchant App,Raum Network,Rehoboth Finance,Rise In,Scout,SecuRx - Medical Prescriptions,Soroban  Polygon - Interop,DappRadar,Soroban Timelock Contract,Stellar Razor and Blazor Suite,Stellar Talent Platform,Stellar Time Machine,Study @stellar-sdk & Soroban,Trustful,Vottun developer platform,Wadzzo","0xAuth, Alternun, Aquarius, Content DAO, BitGifty, BondHive:OnChain Fixed Deposit, ChainCred, Dapp World, Formal VerSo, GrantPicks by PotLock, Huma, Infrastructure Support Liquify, Institutional Treasury - XLM, JS Worker SDK, Kript, Kura, Metafyed, Nauta Land, Orally Network, PHP Anchor SDK, Plutope Merchant App, Raum Network, Rehoboth Finance, Rise In, Scout, SecuRx - Medical Prescriptions, Soroban  Polygon - Interop, DappRadar, Soroban Timelock Contract, Stellar Razor and Blazor Suite, Stellar Talent Platform, Stellar Time Machine, Study @stellar-sdk & Soroban, Trustful, Vottun developer platform, Wadzzo",Build Award Round,16 April 2024,12 May 2024,,,,,,,13 May 2024,27 May 2024,,,,,22 May 2024,Thumbnail - SCF #27.png (https://v5.airtableusercontent.com/v3/u/50/50/1771912800000/huMtB4-YdNL9cmI4e474hw/XHi83zsm2TaJUGUTw2WJ6RsgEBQ9h3zVDhfwvmcHjW2rYhCBYCa17k8UDdqNa7yOf4ICrPs4FtwlD3DzCMUoR_lx1LS-BmyVH76REA-n0fwAQdD8YtT7DhfOc3-jAwonzwv2tgg1bB90xttzdDKPJf4TdKvLeqmM1YnRAzma9yg/pTX_LZV1v6XtFUiy-4fLqnmRn8U3BJyXHWVHk__c9Jw),SCF 5.0,https://medium.com/stellar-community/scf-27-round-recap-ebb806ee0616?source=collection_home---4------3-----------------------,2024
SCF #26,Q2 '24,Ended,SCF #26 has ended. Find results here: https://medium.com/stellar-community/scf-26-round-recap-bc9b3f9529be?source=collection_home---6------0-----------------------,0,113,43,38%,$2289878.00,$2289878.00,21000214,$53252.98,44,https://communityfund.stellar.org/dashboard/award-rounds/recHAicWM8BbkDIIe,"Accelar,Almanax,ART Club,Bingtellar,BorderDollar,Clear,Clixpesa,CyVers,Digicus,EarnBIT,EquitX,Excellar,Expand Network,FindTruman,Governance Modules Library,InfStones,Hypernative,ICanProveIt -Proof-of-Learning,Komunitin,Alterscope,Lumen Loop,ClickPesa Debt Fund,Mimoto,MUWPAY,Myaza | Transact Across Africa,Nirvana Labs,OnBoarding Club,Ortege AI,P'aid Payrolling,Peer (by Honeycoin),Pretium Finance,Reflector,ScopeX,Solo Labs,Mykobo,StarLoom,Anclap,Stellar Tools,Storehouse Gold to Stellar,Tauvlo,Token Tails,USDC Swap: Stellar CCTP Bridge,Wagent","Accelar, Almanax, ART Club, Bingtellar, BorderDollar, Clear, Clixpesa, CyVers, Digicus, EarnBIT, EquitX, Excellar, Expand Network, FindTruman, Governance Modules Library, InfStones, Hypernative, ICanProveIt -Proof-of-Learning, Komunitin, Alterscope, Lumen Loop, ClickPesa Debt Fund, Mimoto, MUWPAY, Myaza | Transact Across Africa, Nirvana Labs, OnBoarding Club, Ortege AI, P'aid Payrolling, Peer (by Honeycoin), Pretium Finance, Reflector, ScopeX, Solo Labs, Mykobo, StarLoom, Anclap, Stellar Tools, Storehouse Gold to Stellar, Tauvlo, Token Tails, USDC Swap: Stellar CCTP Bridge, Wagent",Build Award Round,18 March 2024,14 April 2024,,,,,,,15 April 2024,29 April 2024,,,,,24 April 2024,Thumbnail - SCF #26.png (https://v5.airtableusercontent.com/v3/u/50/50/1771912800000/e0ltJlZnQpn_9Iz99Wn27A/ojUiVuXejTzHZcfqiTIdF8pDMSzetc_UAefiD5MDXsfaFOnCQ_fuaz4Ee4elVIc2JC8Gg1pzZoncQZeYvFzgomrLSN9jtRU79TfX2hz8zyNQF4BVFv7C1csy7C6PtunLaHVQzDDAZ5KG0-ObxanKBwphLmqGjn33l_kbQ-eVlWE/ZSnUNJPunx3hIYW_Pb36lgiYVvxEty90H3R0f8JjDOA),SCF 5.0,https://medium.com/stellar-community/scf-26-round-recap-bc9b3f9529be?source=collection_home---6------0-----------------------,2024
SCF #25,Q1 '24,Ended,SCF #25 has ended. Find results here: https://medium.com/stellar-community/scf-25-round-recap-d458d5ebf0d2?source=collection_home---6------3-----------------------,0,84,27,32%,$1349860.00,$1355860.00,10892407,$49994.81,40,https://communityfund.stellar.org/dashboard/award-rounds/recafoYFTZmKFW0JE,"Blade: TradFi to DeFi Bridge,COCA.XYZ,CodeLnPay,Balanced,NearX - Dev Educational Program,DevTrak - Developer Onboarding,Dfns,Emigro,Forge,FROST Implementation,Hana Wallet,IDUNU: Help Kids Thrive,Meru,OrbitCDP,Phoenix,PipeOps,Sanctum,Soroban CLI Cross Platform GUI,Soroban and Stellar Content,SorobanHub,Stellar Razor and Blazor Suite,Certik,zkCrossDEX,Stellar-Nest,Stellarcarbon,Cryptoconexión,Mercury","Blade: TradFi to DeFi Bridge, COCA.XYZ, CodeLnPay, Soroban Copilot, Balanced, NearX - Dev Educational Program, DevTrak - Developer Onboarding, Dfns, Emigro, Forge, FROST Implementation, Hana Wallet, IDUNU: Help Kids Thrive, Meru, OrbitCDP, Phoenix, PipeOps, Sanctum, Soroban CLI Cross Platform GUI, Soroban and Stellar Content, SorobanHub, Stellar Razor and Blazor Suite, Certik, zkCrossDEX, Stellar-Nest, Stellarcarbon, Cryptoconexión, Mercury",Build Award Round,19 February 2024,17 March 2024,,,,,,,18 March 2024,1 April 2024,,,,,27 March 2024,Thumbnail - SCF #25.png (https://v5.airtableusercontent.com/v3/u/50/50/1771912800000/yVXsdPzE20oGONgGiHM7iA/W7LbGo8Bkq0a9I6PrxU7OfJSlzLD-7q1IK3W9BHyypgll8ukf5Ws8T6SS3PstrBqEFdY3u1Yl1Jsfzy1AFHDP0eZFEtCYjaHeQF1l6kCoA91yw4JRDHnN4LjcTzx9HDzFxkSoN2TCg0Wqd2gMVR04oikSPjDCZROTRzq8fYo-9Y/L_wJkDjn3uqTr3x9gQpTLBClbtquxtVf9erOMkZKxJo),SCF 5.0,https://medium.com/stellar-community/scf-25-round-recap-d458d5ebf0d2?source=collection_home---6------3-----------------------,2024
SCF #24,Q1 '24,Ended,SCF #24 has ended. Find results here: https://medium.com/stellar-community/scf-24-round-recap-07af99295a30?source=collection_home---6------5-----------------------,0,103,27,26%,$1427713.00,$1520613.00,11609869,$52878.26,23,https://communityfund.stellar.org/dashboard/award-rounds/reckqjDVyvKsbjyaK,"Dapplooker,Bitwave,Blaze,CoinSender,Depay,Dogstar,EnerDAO,Mykobo,Expand Network,Flutter Wallet SDK,JS Worker SDK,Kwickbit,Alterscope,Legacy Suite on Stellar,LOAM,Okashi,Perun State Channels,PHP Anchor SDK,Social & Podcast,Satellite + We Work Out,Solarkraft,Soroban Governor,Decentrio,Stellar Surge,Stellar Token Launchpad,STOCKen CAPITAL Legaltech,Wagelink - SDP Integration","Dapplooker, Bitwave, Blaze, CoinSender, Depay, Dogstar, EARNLUMENS, EnerDAO, Mykobo, Expand Network, Flutter Wallet SDK, Transfuse: Multichain Asset Bridge, JS Worker SDK, Kwickbit, Alterscope, Legacy Suite on Stellar, LOAM, MozartPay, Okashi, Perun State Channels, Phoenix, PHP Anchor SDK, Social & Podcast, Satellite + We Work Out, Solarkraft, Soroban Governor, Decentrio, Stellar Solvency, Stellar Surge, Stellar Token Launchpad, STOCKen CAPITAL Legaltech, Wagelink - SDP Integration",Build Award Round,8 January 2024,18 February 2024,,,,,,,19 February 2024,7 March 2024,,,,,5 March 2024,Thumbnail - SCF #24.png (https://v5.airtableusercontent.com/v3/u/50/50/1771912800000/qWK-2iY_VXnc8cO_51Pmjw/mHUjIPRa5MOi3phHfev2rJnD0x0yWnPmIL9eThzRUsvfv0tZOnsERML0o2lji_yUC8ZaMsdsrMK4Ayzb5GHUoG9sQlVIWUkxtLXoMMNYSV6v6J4RH8QACydfiAJVEd4PYmwZIodwhm5RClbIoqPBLQ/D5v7JME3f0mhp7rq0VxhL_KU6JSdHLEXNSQ8_HkUwPM),SCF 5.0,https://medium.com/stellar-community/scf-24-round-recap-07af99295a30?source=collection_home---6------5-----------------------,2024
SCF #23,Q1 '24,Ended,SCF #23 has ended. Find results here: https://medium.com/stellar-community/scf-23-recap-48d64ac4d5c7?source=collection_home---4------1-----------------------,0,90,25,28%,$1606125.00,$1606125.00,14293945,$64245.00,32,https://communityfund.stellar.org/dashboard/award-rounds/rec489VVVFeLoo0gu,"Allbridge Core,AnChain.AI,Aquarius,AuraPay,Mykobo,Constellation Protocol,Dropzey,Eascrow,EasyA,Formal VerSo,Gladius,Nobak,PAYGO Crypto,Rise In,Scout,Skeeper - a keeper platform,Solang Playground,Stellarchain.io,Sanctum,Soroban Explorer,SoroSplits,BiGGER - Startup Camp 2.0,Styx: A Soroban-Cosmos Bridge,Tauvlo,Zentra","Allbridge Core, AnChain.AI, Aquarius, AuraPay, Mykobo, Constellation Protocol, Dropzey, EARNLUMENS, Eascrow, EasyA, FindTruman, Formal VerSo, Gladius, Transfuse: Multichain Asset Bridge, Nobak, PAYGO Crypto, Rise In, Scout, Skeeper - a keeper platform, Solang Playground, Stellarchain.io, Sanctum, Soroban Explorer, SoroSplits, BiGGER - Startup Camp 2.0, Styx: A Soroban-Cosmos Bridge, Tauvlo, Zentra",Build Award Round,4 December 2023,14 January 2024,,,,,,,15 January 2024,29 January 2024,,,,,26 January 2024,Thumbnail - SCF #23.png (https://v5.airtableusercontent.com/v3/u/50/50/1771912800000/9P41x9bYs-CII51bbgNdnQ/jwJ0PLJICtfW7-vwDT-q3Uv_3RCMwJ050-m65Z_iFwxJmBbq2Ul0l3RzndXwJRkcIxrC_wRaqDi1O7TjW0MDifYoHvcfrXsRBULaQk-C8S_SIc8KW5td-V0FX0phrq34ReykxiPOAjLBP4auSovMOA/Mzg-6fVoHFcJ9a1bccWphVgnhCWdRv8U0W8Quo1ltNM),SCF 5.0,https://medium.com/stellar-community/scf-23-recap-48d64ac4d5c7?source=collection_home---4------1-----------------------,2024
SCF #22,Q4 '23,Ended,SCF #22 has ended. Find results here: https://medium.com/stellar-community/scf-22-recap-0d4a4c2b3655?source=collection_home---4------2-----------------------,0,72,33,46%,$1417342.00,$1417342.00,11849408,$42949.76,20,https://communityfund.stellar.org/dashboard/award-rounds/recNppqiAoaK3YGlE,"Anchor Transparency Node,Anticipatory Aid on Soroban,Borderless,Catalyst Blockchain Manager,Chef,Coins.ph: Stellar Remittances,Encode Club,Estrela,Flutter Wallet SDK,Flux,Gecko Fuzz,GiveCredit,Governance Modules Library,Hana Wallet,KYC Token & UI for RWA,Lobstr,Meru,Ortege AI,Peer (by Honeycoin),PHP Anchor SDK,Soracle.org (Posted),RAMM: Global Retail Commerce,Social & Podcast,Soroban Governor,SoroBuild,Stellar Light,Stellar Rust SDK,Spatium Wallet,StellarStrides,triiyo,TrustedPlastic,TYPIQO,Ziriz","Anchor Transparency Node, Anticipatory Aid on Soroban, Borderless, Catalyst Blockchain Manager, Chef, Coins.ph: Stellar Remittances, Encode Club, Estrela, FindTruman, Flutter Wallet SDK, Flux, Freedom Pay Wallet, Gecko Fuzz, GiveCredit, Governance Modules Library, Hana Wallet, KYC Token & UI for RWA, Lobstr, Meru, Ortege AI, Peer (by Honeycoin), PHP Anchor SDK, Soracle.org (Posted), RAMM: Global Retail Commerce, Social & Podcast, Soroban Governor, SoroBuild, Stellar Light, Stellar Rust SDK, Spatium Wallet, StellarStrides, triiyo, TrustedPlastic, TYPIQO, Ziriz",Build Award Round,6 November 2023,3 December 2023,,,,,,,4 December 2023,18 December 2023,,,,,15 December 2023,Thumbnail - SCF #22.png (https://v5.airtableusercontent.com/v3/u/50/50/1771912800000/4d9gFcTPm4I6PY45AmNc1Q/fIIfk5uMhDv3hmf2AxCLg9geAV3Ja5rJLN85cpDcfpkX9zUWsKqLin-Ir6G3Y-NqwdMOxC2ShW-RnxG9aQRTEaijY0rTZ6Q_PAsPM7k3n-1c8wkknFuz78Lj4aKh3YaReNF1kVYrRGAXGEmyjLGOQg/Pb0v0Da6dP4URidDSy_meMZHKXX00dAlALupwMZmFcA),SCF 5.0,https://medium.com/stellar-community/scf-22-recap-0d4a4c2b3655?source=collection_home---4------2-----------------------,2023
SCF #21,Q4 '23,Ended,SCF #21 has ended. Find results here: https://medium.com/stellar-community/scf-21-recap-294449beac1d?source=collection_home---4------3-----------------------,0,66,27,41%,$1479419.00,$1398310.40,11515312,$54793.30,23,https://communityfund.stellar.org/dashboard/award-rounds/recig1Bqm55kmoRjg,"Paychant,Beans app,CashAbroad,Tricorn,Extractor - Soroban Security,Fluxity,FX Swap by Hedgehog,Glo Dollar,IDUNU: Help Kids Thrive,Keizai,LocalCoin,LumosDAO,Nauta Land,OnBoarding Club,OrbitCDP,OrbitCDP,Pakana.Net,Planet Pay,""""""Fixed Rate """"""""Fixie"""""""""""""",zkFetch: zkTLS-Powered Oracle Solution,Slender,Smart Deploy,Soroban CLI Cross Platform GUI,Soroban Learn,Soroswap.Finance,TAP4Change,TYPIQO","Paychant, Basement, Beans app, CashAbroad, Tricorn, Extractor - Soroban Security, Fluxity, FX Swap by Hedgehog, Glo Dollar, Hana Wallet, IDUNU: Help Kids Thrive, Keizai, LocalCoin, LumosDAO, Nauta Land, OnBoarding Club, OrbitCDP, OrbitCDP, Pakana.Net, Planet Pay, ""Fixed Rate """"Fixie"""""", Quasar, zkFetch: zkTLS-Powered Oracle Solution, Slender, Smart Deploy, Soroban CLI Cross Platform GUI, Soroban Learn, Soroswap.Finance, TAP4Change, TrustedPlastic, TYPIQO",Build Award Round,16 October 2023,5 November 2023,,,,,,,6 November 2023,20 November 2023,,,,,17 November 2023,Thumbnail - SCF #21.png (https://v5.airtableusercontent.com/v3/u/50/50/1771912800000/gnNFH8NbtVB8yUldtUvTHA/MjxncoUo-lDASzxTUnV3KydC2v2F7Zm2zetB7SJLXR-rW_OEjkGvvJnEddcsJ7WfFSVIdNba7V2kel5Mr-vYAGyAuvox5QfPYGI_-8Yos6LJDb7BoiQ2yWfzUBhXEqXKhJc8E05DIoHuNieylwpzSA/7FqqDGOW6bGX01r_vttSaYcOQygxqPvFP-lTYY7DvL4),SCF 5.0,https://medium.com/stellar-community/scf-21-recap-294449beac1d?source=collection_home---4------3-----------------------,2023
SCF #20,Q4 '23,Ended,SCF #20 has ended. Find results here: https://medium.com/stellar-community/scf-20-recap-88ef88935257?source=collection_home---6------0-----------------------,0,90,33,37%,$1402622.10,$1402622.10,11426067,$42503.70,31,https://communityfund.stellar.org/dashboard/award-rounds/rec5VVV3f5PeyvbLn,"Soroban React,Allbridge Core,AnChain.AI,AuraPay,Bank2Bit,Borderless,Chainsatlas,CLOB,CommuniDAO,DeRisk,DIA Oracles,Emigro,Formal VerSo,Transfuse: Multichain Asset Bridge,KMAC State Machine Template (extension),Kwickbit,Okashi,Phoenix,QSTN,Reflector,Amber - RWA Tokenization on Stellar,Satellite + We Work Out,Scout,Skopa,Solang Playground,SorobanMath,SorobanPulse,Sorosan,Sorscan,Steepx Stellar Explorer,StellarGPT,Stroopy.AI,Walletban","Soroban React, Allbridge Core, AnChain.AI, AuraPay, Bank2Bit, Borderless, Chainsatlas, CLOB, CommuniDAO, DeRisk, DEXTools Soroban Integration, DIA Oracles, Emigro, Formal VerSo, FX Swap by Hedgehog, Transfuse: Multichain Asset Bridge, KMAC State Machine Template (extension), Kwickbit, LocalCoin, MozartPay, Okashi, OnBoarding Club, Phoenix, QSTN, zkFetch: zkTLS-Powered Oracle Solution, Reflector, Amber - RWA Tokenization on Stellar, Satellite + We Work Out, Scout, Skopa, Solang Playground, Soroban Assistant, SorobanMath, SorobanPulse, Sorosan, Sorscan, Steepx Stellar Explorer, StellarGPT, Stroopy.AI, Walletban",Build Award Round,11 September 2023,15 October 2023,,,,,,,16 October 2023,30 October 2023,,,,,27 October 2023,Thumbnail - SCF #20.png (https://v5.airtableusercontent.com/v3/u/50/50/1771912800000/Q6XY5OOcuOzW7rD4iCR4sA/tVmUDan4BA8DPKCDRJIY35DkHFqUnGoGS_0aHC9i1JLpDNh2Tq6AtAmB7vjoS-Djqw3WVkHzqxc6ZuhCbmuEr6N6u9jhvtcxQI0P5Vlb7pnqYooi-byvIi9XS8BL11MpAzbV3rqES-yqp8gEjlnfuw/hyvZzFZXmRTOCwEiliXpdmtanWUD9ShE-CpOTItwS28),SCF 5.0,https://medium.com/stellar-community/scf-20-recap-88ef88935257?source=collection_home---6------0-----------------------,2023
SCF #19,Q3 '23,Ended,SCF #19 has ended. We will post a recap soon.,0,68,16,24%,$1253476.00,$1260475.90,11041477,$78342.25,18,https://communityfund.stellar.org/dashboard/award-rounds/recko1C9jr7Gu1NfN,"Alfred,AssetDesk,Canfy,CTX.com,Goldsky,Haciendo Stellar,Litemint,Mercury,MultiClique,NOWNodes,Soroban Explorer,SoroSplits,Stellar-MetaMask,Stellarchain.io,Syklo,Constellation Protocol","Alfred, AssetDesk, Borderless, Canfy, CTX.com, Goldsky, Haciendo Stellar, Litemint, Mercury, MultiClique, NOWNodes, Skopa, Slender, Soroban Explorer, SoroSplits, Stellar-MetaMask, Stellarchain.io, StellarGPT, Syklo, Syklo, Constellation Protocol",Build Award Round,14 August 2023,10 September 2023,,,,,,,11 September 2023,25 September 2023,,,,,22 September 2023,,SCF 4.0,,2023
SCF #18,Q3 '23,Ended,SCF #18 has ended. We will post a recap soon.,0,55,14,25%,$1411676.00,$1411680.63,7293571,$100834.00,27,https://communityfund.stellar.org/dashboard/award-rounds/recVMTyDRpbvlsuEo,"AssemblyScript Soroban SDK,Blaze,BlockEden.xyz,Chaincerts,Comet,HiYield,KometPay,Nebula,Ortege AI,OtterSec,Scalps,Stellar Rust SDK,SubQuery Network,Wombat Exchange","AssemblyScript Soroban SDK, Blaze, BlockEden.xyz, Borderless, Chaincerts, Comet, Fluxity, HiYield, Keizai, KometPay, Nauta Land, Nebula, Ortege AI, OtterSec, Phoenix, Scalps, Stellar Rust SDK, SubQuery Network, TAP4Change, Wombat Exchange",Build Award Round,10 July 2023,13 August 2023,,,,,,,14 August 2023,28 August 2023,,,,,25 August 2023,,SCF 4.0,,2023
SCF #17,Q3 '23,Ended,SCF #17 has ended. We will post a recap soon.,0,51,19,37%,$1959307.50,$1959307.50,13443018,$103121.45,26,https://communityfund.stellar.org/dashboard/award-rounds/recXVCOFY2ua4Xyiu,"EasyA,Arcturus,Basement,Mojoflower,Decaf Pay,Emigro,Excellar,Oinc,Perun State Channels,Plutus,Rust Soroban Client Library,Slender,Aquarius,stellarpro.dev,Soroswap.Finance,Anclap,Ripe,uils,Lobstr","EasyA, Arcturus, Basement, Mojoflower, Decaf Pay, Emigro, Excellar, Oinc, Perun State Channels, Plutus, Rust Soroban Client Library, Slender, Aquarius, stellarpro.dev, Soroswap.Finance, Anclap, Ripe, Syklo, uils, Lobstr",Build Award Round,12 June 2023,9 July 2023,,,,,,,10 July 2023,24 July 2023,,,,,21 July 2023,,SCF 4.0,,2023
SCF #16,Q2 '23,Ended,SCF #16 has ended. We will post a recap soon.,0,52,21,40%,$1901782.50,$1901782.50,17766681,$90561.07,24,https://communityfund.stellar.org/dashboard/award-rounds/recUF3yZVEAuiZWFG,"Pelago (Airswift),Band Protocol,CommuniDAO,DID:STELLAR,Dogstar,Mykobo,Infinity Wallet,Lightecho Stellar Oracle,Mica,Pactta API,Paychant,Phoenix,Smart Deploy,Soroban Learn,SorobanPulse,Sorosorcerer.com,SStream,Steepx Stellar Explorer,Gateway.fm,Tracee,Unalivio","Pelago (Airswift), Band Protocol, CommuniDAO, DID:STELLAR, Dogstar, Mykobo, Infinity Wallet, Lightecho Stellar Oracle, Mica, Pactta API, Paychant, Phoenix, Smart Deploy, Soroban Learn, SorobanPulse, Sorosorcerer.com, SStream, Steepx Stellar Explorer, Gateway.fm, Tracee, Unalivio",Build Award Round,15 May 2023,11 June 2023,,,,,,,12 June 2023,26 June 2023,,,,,23 June 2023,,SCF 4.0,,2023
SCF #15,Q2 '23,Ended,SCF #15 has ended. We will post a recap soon.,0,66,11,17%,$1112680.00,$1112680.00,11251389,$101152.73,23,https://communityfund.stellar.org/dashboard/award-rounds/rechrqDPrNMlxNBkY,"AnChain.AI,Beans app,Chainlink Oracles Relayer,Elio DAO,LINK IO,Pluto Loans B2B,Reflector,Soroban Smart Option Contract,Soroswap.Finance,Trilobyte,Okashi","AnChain.AI, Beans app, Chainlink Oracles Relayer, Elio DAO, LINK IO, Pluto Loans B2B, Reflector, Soroban Smart Option Contract, Soroswap.Finance, Stellar Rust SDK, Trilobyte, Okashi",Build Award Round,10 April 2023,14 May 2023,,,,,,,15 May 2023,29 May 2023,,,,,26 May 2023,,SCF 4.0,,2023
SCF #14,Q2 '23,Ended,SCF #14 has ended. We will post a recap soon.,0,66,12,18%,$509125.00,$508398.28,5326987,$42427.08,24,https://communityfund.stellar.org/dashboard/award-rounds/recRQ9ss2X8YBm3N5,"BTQ,AssemblyScript Soroban SDK,Autify Network,CashAbroad,Soroban Assistant,KometPay,Meru,Smart Deploy,Soroban Learn,Soroban Smart Option Contract,CommuniDAO,Planet Pay","BTQ, AssemblyScript Soroban SDK, Autify Network, CashAbroad, Soroban Assistant, KometPay, Meru, Smart Deploy, Soroban Learn, Soroban Smart Option Contract, CommuniDAO, Planet Pay",Build Award Round,13 March 2023,9 April 2023,,,,,,,10 April 2023,24 April 2023,,,,,21 April 2023,,SCF 4.0,,2023
SCF #13,Q1 '23,Ended,SCF #13 has ended. We will post a recap soon.,0,97,14,14%,$1267252.95,$1199752.96,11530899,$90518.07,21,https://communityfund.stellar.org/dashboard/award-rounds/recQ3Fej03TjkntLN,"Azores Metaverse,Chaincerts,Comet,FxDAO,Haciendo Stellar,Horizon-as-a-Service,Spatium Wallet,Public Node,Qolaq,Sorobix,Tellus Cooperative,The Blue Marble,Okashi,XycLoans","Azores Metaverse, Chaincerts, Comet, Dogstar, FxDAO, Haciendo Stellar, Horizon-as-a-Service, Spatium Wallet, Public Node, Qolaq, Sorobix, Tellus Cooperative, The Blue Marble, Okashi, XycLoans",Build Award Round,13 February 2023,12 March 2023,,,,,,,13 March 2023,27 March 2023,,,,,24 March 2023,,SCF 4.0,,2023
SCF #12,Q1 '23,Ended,SCF #12 has ended. We will post a recap soon.,0,10,1,10%,$1000.00,$1000.00,11252,$1000.00,12,https://communityfund.stellar.org/dashboard/award-rounds/recLjvItw3v2gQoxI,Soroban Pre-Order Contract,Soroban Pre-Order Contract,Build Award Round,23 January 2023,5 February 2023,,,,,,,6 February 2023,10 February 2023,,,,,17 February 2023,,SCF 4.0,,2023
SCF #11,Q4 '22,Ended,SCF #11 has ended. Find results here: https://medium.com/stellar-community/scf-11-announcing-the-winners-8bcd5606fc09,0,151,20,13%,$1134000.00,$1134000.00,13006074,$56700.00,45,https://communityfund.stellar.org/dashboard/award-rounds/rec974tWyNh4i9Eb5,"BravePay,CashAbroad,Chronospay,AnChain.AI,Elsa Wallet: Banking Filipinos,Empowch,Mojoflower,Horizon-as-a-Service,Kata.Games,Kotani Pay,Mythforge,Paystreme,Scam Flagging System,SNNAC,Spacewalk,Stellarcarbon,SorobanPulse,sTeX,Wirecash,Zig3v2","BravePay, CashAbroad, Centiiv, Chronospay, AnChain.AI, Elsa Wallet: Banking Filipinos, Empowch, Mojoflower, Horizon-as-a-Service, Kata.Games, Kotani Pay, Mythforge, Paystreme, Scam Flagging System, SNNAC, Spacewalk, Stellarcarbon, SorobanPulse, sTeX, Wirecash, Zig3v2",Build Award Round,10 August 2022,30 October 2022,,,,,,,3 October 2022,4 December 2022,,,,,8 November 2022,,SCF 3.0,https://medium.com/stellar-community/scf-11-announcing-the-winners-8bcd5606fc09,2022
SCF #10,Q2 '22,Ended,SCF #10 has ended. Find results here: https://medium.com/stellar-community/announcing-the-winners-of-scf-10-317a7da78209,0,152,15,10%,$1124180.00,$1124180.00,10571552,$74945.33,52,https://communityfund.stellar.org/dashboard/award-rounds/recYfC8iCHIQZbf0F,"AssemblyScript Soroban SDK,Beans app,BPV StellarMesh Anchor,EduNode,Elixir Stellar SDK,LINK IO,Mythforge,Pluto Loans B2B,Sentit,Skyhitz,Smilepay Global,Source of Tales,Synced Geo-Bounties,The Blue Marble,Vitreous","AssemblyScript Soroban SDK, Beans app, BPV StellarMesh Anchor, Centiiv, EduNode, Elixir Stellar SDK, LINK IO, Mythforge, Pluto Loans B2B, Sentit, Skyhitz, Smilepay Global, Source of Tales, Synced Geo-Bounties, The Blue Marble, Vitreous",Build Award Round,18 February 2022,29 May 2022,,,,,,,30 May 2022,4 July 2022,,,,,15 June 2022,,SCF 3.0,https://medium.com/stellar-community/announcing-the-winners-of-scf-10-317a7da78209,2022
SCF #9,Q4 '21,Ended,SCF #9 has ended. Find results here: https://medium.com/stellar-community/announcing-the-winners-of-scf-9-db1e0c770e54?source=collection_detail----89c348dcf743-----10-----------------------,0,82,14,17%,$918200.00,$1190706.20,4474186,$65585.71,49,https://communityfund.stellar.org/dashboard/award-rounds/recudIv2yPpNGXGFY,"Alfred,Answerly,Benkiko REST APIs,Command Robotics,GetPaid,Kotlin Stellar SDK,Kunst21.com,Quidroo,Simple Signer,Skyhitz,Stellar C SDK,Stellar Global,Tip me,xBull","Alfred, Answerly, Benkiko REST APIs, Command Robotics, GetPaid, Kotlin Stellar SDK, Kunst21.com, Quidroo, Simple Signer, Skyhitz, Stellar C SDK, Stellar Global, Tip me, xBull",Build Award Round,15 October 2021,21 November 2021,,,,,,,22 November 2021,15 December 2021,,,,,,,SCF 3.0,https://medium.com/stellar-community/announcing-the-winners-of-scf-9-db1e0c770e54?source=collection_detail----89c348dcf743-----10-----------------------,2021
SCF #8,Q3 '21,Ended,SCF #8 has ended. Find results here: https://medium.com/stellar-community/announcing-the-winners-of-scf-8-d3d31167a52d,0,65,8,12%,$611263.00,$622034.18,2247585,$76407.88,43,https://communityfund.stellar.org/dashboard/award-rounds/recyTUpvQlACk3vvV,"CryptoCannoneer,CryptoCannoneer,FijiCoin,InstantDAO,Ebioro,Stellar PHP SDK,Tellus Cooperative,Wally","CryptoCannoneer, CryptoCannoneer, FijiCoin, InstantDAO, MozartPay, Ebioro, Stellar PHP SDK, Tellus Cooperative, Wally",Build Award Round,28 June 2021,22 August 2021,,,,,,,23 August 2021,26 September 2021,,,,,,,SCF 3.0,https://medium.com/stellar-community/announcing-the-winners-of-scf-8-d3d31167a52d,2021
SCF #7,Q1 '21,Ended,SCF #7 has ended. Find results here: https://medium.com/stellar-community/announcing-stellar-community-seed-fund-1-finalists-3e9e95d41793,0,59,8,14%,$2135963.38,$2135963.38,4999999,$266995.42,,https://communityfund.stellar.org/dashboard/award-rounds/recw6ckjSnsUbBZMY,"Anclap,Blocknify,Whalestack,Boss Money (former Leaf Global),Litemint,Mojoflower,OptionBlox & YieldBlox,Task.io","Anclap, Blocknify, Whalestack, Boss Money (former Leaf Global), Litemint, Mojoflower, MozartPay, OptionBlox & YieldBlox, Task.io",Build Award Round,31 August 2020,19 January 2021,,,,,,,17 March 2021,10 May 2021,,,,,,,SCF 2.0,https://medium.com/stellar-community/announcing-stellar-community-seed-fund-1-finalists-3e9e95d41793,2021
SCF #6,Q3 '20,Ended,SCF #6 has ended. Find results here: https://medium.com/stellar-community/scf-lab-fund-1-retrospective-6fc4d9fa7ce7?source=collection_detail----89c348dcf743-----31-----------------------,0,20,8,40%,$45409.41,$45409.41,387385,$5676.18,310,https://communityfund.stellar.org/dashboard/award-rounds/recnH6JPBz2kaiugd,"Ayadee TRAK,Blocknify,Crypto Link,DEB,EduNode,Lumenswap,Relax,Stellarscam.report","Ayadee TRAK, Blocknify, Crypto Link, DEB, EduNode, Lumenswap, Relax, Stellarscam.report",Build Award Round,31 August 2020,20 September 2020,,,,,,,21 September 2020,2 November 2020,,,,,,,SCF 2.0,https://medium.com/stellar-community/scf-lab-fund-1-retrospective-6fc4d9fa7ce7?source=collection_detail----89c348dcf743-----31-----------------------,2020
SCF #5,Q2 '20,Ended,SCF #5 has ended. Find results here: https://medium.com/stellar-community/stellar-community-fund-round-5-finals-postmortem-b7b627531fff?source=collection_detail----89c348dcf743-----47-----------------------,0,19,9,47%,$315203.28,$325529.02,3035573,$35022.59,79,https://communityfund.stellar.org/dashboard/award-rounds/reczOk5GaIPR45zvA,"Cosmic.vote,Free Voting Platform ,Lettuce,MXlet,OpenSolar,Rigel,Stellar Update,Stellarmint,The Interstellar Platform","Cosmic.vote, Free Voting Platform , Lettuce, MXlet, OpenSolar, Rigel, Stellar Update, Stellarmint, The Interstellar Platform",Build Award Round,25 May 2020,21 June 2020,,,,,,,22 June 2020,10 August 2020,,,,,,,SCF 1.0,https://medium.com/stellar-community/stellar-community-fund-round-5-finals-postmortem-b7b627531fff?source=collection_detail----89c348dcf743-----47-----------------------,2020
SCF #4,Q1 '20,Ended,SCF #4 has ended. Find results here: https://medium.com/stellar-community/stellar-community-fund-round-4-results-b3ed5f6acbe1?source=collection_detail----89c348dcf743-----63-----------------------,0,17,8,47%,$0.00,$224721.16,2999996,$0.00,,https://communityfund.stellar.org/dashboard/award-rounds/rec7nDYjzcA9rQ6wR,"Whalestack,Lumenscan,NiceTrade,Apay.io,SDK for Stellar Qt,Sendit,Stellar Tip,Stellot","Whalestack, Lumenscan, NiceTrade, Apay.io, SDK for Stellar Qt, Sendit, Stellar Tip, Stellot",Build Award Round,24 February 2020,22 March 2020,,,,,,,23 March 2020,18 May 2020,,,,,,,SCF 1.0,https://medium.com/stellar-community/stellar-community-fund-round-4-results-b3ed5f6acbe1?source=collection_detail----89c348dcf743-----63-----------------------,2020
SCF #3,Q4 '19,Ended,SCF #3 has ended. Find results here: https://medium.com/stellar-community/stellar-community-fund-round-3-results-9d99e7cfec32?source=collection_detail----89c348dcf743-----87-----------------------,0,31,8,26%,$17640.89,$201837.91,3000000,$2205.11,730,https://communityfund.stellar.org/dashboard/award-rounds/reciGho3ffScfu5if,"Blue Orion,Cosmic.link,Litemint,Lumens for Charity,Paysapp,Public Node,Stellar Battle,StellarTerm","Blue Orion, Cosmic.link, Litemint, Lumens for Charity, Paysapp, Public Node, Stellar Battle, StellarTerm",Build Award Round,12 October 2019,14 December 2019,,,,,,,15 December 2019,1 January 2020,,,,,,,SCF 1.0,https://medium.com/stellar-community/stellar-community-fund-round-3-results-9d99e7cfec32?source=collection_detail----89c348dcf743-----87-----------------------,2019
SCF #2,Q3 '19,Ended,SCF #2 has ended. Find results here: https://medium.com/stellar-community/stellar-community-fund-2-the-results-69b3f6a6040e?source=collection_detail----89c348dcf743-----100-----------------------,0,37,8,22%,$0.00,$197567.30,3000000,$0.00,461,https://communityfund.stellar.org/dashboard/award-rounds/rec4GoPVeyuPkEDsu,"Astrocore,Centaurus,City States: Medieval,GetBlockCard.com,Lobstr,StellarAuth,StellarPay,Stellarport","Astrocore, Centaurus, City States: Medieval, GetBlockCard.com, Lobstr, StellarAuth, StellarPay, Stellarport",Build Award Round,12 July 2019,29 September 2019,,,,,,,30 September 2019,12 October 2019,,,,,,,SCF 1.0,https://medium.com/stellar-community/stellar-community-fund-2-the-results-69b3f6a6040e?source=collection_detail----89c348dcf743-----100-----------------------,2019
SCF #1,Q2 '19,Ended,SCF #1 has ended. Find results here: https://medium.com/stellar-community/stellar-community-fund-round-1-winners-1957314d15cc?source=collection_detail----89c348dcf743-----113-----------------------,0,40,8,20%,$0.00,$240180.14,3000000,$0.00,138,https://communityfund.stellar.org/dashboard/award-rounds/recohVtHa3k6ci2Bv,"Astrograph,Equilibre.io,Lumenaut Pool,Stellar Community Forum,Python Stellar SDK,StellarGuard,SWPLUG,Timed Transactions API","Astrograph, Equilibre.io, Lumenaut Pool, Stellar Community Forum, Python Stellar SDK, StellarGuard, SWPLUG, Timed Transactions API",Build Award Round,17 April 2019,22 June 2019,,,,,,,,30 June 2019,,,,,,,SCF 1.0,https://medium.com/stellar-community/stellar-community-fund-round-1-winners-1957314d15cc?source=collection_detail----89c348dcf743-----113-----------------------,2019